rowId,city_name,town_name,latitude,longitude,households,population,e_stat_code
1,四日市市,相生町,34.963308,136.632039,67,127,242020240
2,四日市市,青葉町,34.971035,136.580942,311,712,242020510
3,四日市市,あがたが丘一丁目,35.022021,136.570999,204,470,24202214001
4,四日市市,あがたが丘二丁目,35.024183,136.568697,201,497,24202214002
5,四日市市,あがたが丘三丁目,35.025036,136.565828,294,749,24202214003
6,四日市市,あかつき台一丁目,35.024142,136.598186,421,1060,24202247001
7,四日市市,あかつき台二丁目,35.026827,136.600258,316,777,24202247002
8,四日市市,あかつき台三丁目,35.028888,136.598084,281,702,24202247003
9,四日市市,あかつき台四丁目,35.026695,136.603713,124,323,24202247004
10,四日市市,あかつき台五丁目,35.027852,136.595264,168,436,24202247005
11,四日市市,あかつき台六丁目,35.032006,136.597112,109,267,24202247006
12,四日市市,赤堀一丁目,34.959177,136.612389,238,411,24202067001
13,四日市市,赤堀二丁目,34.960827,136.608941,349,724,24202067002
14,四日市市,赤堀三丁目,34.959046,136.606532,229,409,24202067003
15,四日市市,赤堀新町,34.961726,136.612233,133,233,242020660
16,四日市市,赤堀南町,34.957352,136.610214,403,776,242020680
17,四日市市,阿倉川新町,34.993619,136.620654,90,273,242023510
18,四日市市,阿倉川町,34.985561,136.627268,351,761,242023130
19,四日市市,曙一丁目,34.954913,136.624611,110,236,24202043001
20,四日市市,曙二丁目,34.953155,136.623180,147,221,24202043002
21,四日市市,曙町,34.952285,136.626205,191,334,242020450
22,四日市市,赤水町,35.012056,136.557606,299,838,242022080
23,四日市市,あさけが丘一丁目,35.035540,136.580738,229,573,24202234001
24,四日市市,あさけが丘二丁目,35.035153,136.577592,218,525,24202234002
25,四日市市,あさけが丘三丁目,35.033186,136.576411,284,453,24202234003
26,四日市市,朝明町,35.039745,136.585831,137,379,242022320
27,四日市市,朝日町,34.961432,136.627707,234,385,242020390
29,四日市市,天カ須賀一丁目,35.008583,136.667286,211,435,24202270001
30,四日市市,天カ須賀二丁目,35.010733,136.669405,486,1031,24202270002
31,四日市市,天カ須賀三丁目,35.012840,136.671872,128,263,24202270003
32,四日市市,天カ須賀四丁目,35.015350,136.669644,310,700,24202270004
33,四日市市,天カ須賀五丁目,35.013150,136.665486,549,1424,24202270005
34,四日市市,天カ須賀新町,35.006205,136.669915,0,0,242022760
35,四日市市,伊倉一丁目,34.972088,136.604684,394,685,24202057001
36,四日市市,伊倉二丁目,34.973058,136.601298,243,445,24202057002
37,四日市市,伊倉三丁目,34.974385,136.597075,338,587,24202057003
38,四日市市,生桑町,34.984449,136.599681,1187,2718,242021970
39,四日市市,伊坂台一丁目,35.042503,136.628797,285,751,24202248001
40,四日市市,伊坂台二丁目,35.041370,136.626487,173,511,24202248002
41,四日市市,伊坂台三丁目,35.045389,136.624667,353,965,24202248003
42,四日市市,伊坂町,35.039554,136.622158,155,394,242022360
43,四日市市,石塚町,34.961076,136.603179,805,1687,242020690
45,四日市市,市場町,35.058066,136.559803,215,592,242022170
46,四日市市,稲葉町,34.963836,136.638227,92,157,242020200
47,四日市市,浮橋一丁目,34.969670,136.576812,227,572,24202178001
48,四日市市,浮橋二丁目,34.969129,136.575067,262,672,24202178002
57,四日市市,鵜の森一丁目,34.965430,136.615744,807,1219,24202032001
58,四日市市,鵜の森二丁目,34.967060,136.611509,761,1277,24202032002
59,四日市市,午起一丁目,34.970474,136.637979,85,140,24202338001
60,四日市市,午起二丁目,34.973737,136.639434,46,89,24202338002
61,四日市市,午起三丁目,34.973995,136.642016,11,14,24202338003
62,四日市市,江村町,35.008906,136.546086,70,206,242022120
69,四日市市,大字茂福,35.004926,136.642376,442,950,242022950
71,四日市市,大井手一丁目,34.971041,136.593093,499,1057,24202056001
72,四日市市,大井手二丁目,34.973542,136.593576,385,838,24202056002
73,四日市市,大井手三丁目,34.973112,136.589681,257,554,24202056003
77,四日市市,大鐘町,35.038811,136.607826,79,236,242022300
78,四日市市,大谷台一丁目,34.999911,136.614519,165,441,24202205001
79,四日市市,大谷台二丁目,35.000528,136.612411,246,640,24202205002
81,四日市市,大宮町,34.990693,136.630668,538,1285,242023030
82,四日市市,大宮西町,34.992749,136.628438,280,651,242023040
83,四日市市,大矢知新町,35.023074,136.628770,132,428,242023490
85,四日市市,沖の島町,34.966026,136.627343,197,474,242020180
96,四日市市,尾上町,34.959804,136.633802,9,21,242020270
97,四日市市,尾平町,34.978349,136.587979,890,2056,242021830
100,四日市市,霞一丁目,34.981666,136.659940,0,0,24202287001
101,四日市市,霞二丁目,34.992106,136.666577,0,0,24202287002
102,四日市市,金場町,34.984580,136.634504,209,313,242023110
103,四日市市,上海老町,35.020717,136.560952,150,432,242022150
104,四日市市,萱生町,35.033403,136.603540,90,148,242022460
106,四日市市,川北一丁目,35.020893,136.646780,613,1365,24202262001
107,四日市市,川北二丁目,35.023679,136.648971,296,715,24202262002
108,四日市市,川北三丁目,35.024596,136.644226,153,409,24202262003
109,四日市市,川北町,35.026675,136.650117,0,0,242022630
110,四日市市,川島新町,34.976171,136.559407,196,458,242021720
113,四日市市,川原町,34.974336,136.628145,455,941,242023340
115,四日市市,北納屋町,34.966101,136.637062,73,139,242020190
116,四日市市,北野町,35.015011,136.543373,51,147,242022070
117,四日市市,北浜田町,34.961451,136.623362,496,966,242020350
118,四日市市,北浜町,34.969083,136.633347,156,338,242020110
119,四日市市,北町,34.971632,136.626877,128,334,242020040
120,四日市市,北山町,35.044693,136.589267,266,740,242022280
121,四日市市,京町,34.976440,136.630304,243,538,242023330
122,四日市市,九の城町,34.963809,136.614495,493,891,242020330
123,四日市市,久保田一丁目,34.973383,136.608160,231,489,24202061001
124,四日市市,久保田二丁目,34.975274,136.609456,597,1220,24202061002
125,四日市市,蔵町,34.965319,136.632916,101,181,242020230
126,四日市市,黒田町,35.012313,136.538352,24,76,242022060
127,四日市市,黄金町,35.026806,136.637524,1,3,242022410
128,四日市市,小杉新町,34.998692,136.608381,289,691,242022030
129,四日市市,小杉町,34.990863,136.608084,734,1612,242022010
130,四日市市,寿町,34.951342,136.621730,0,0,242020460
133,四日市市,小生町,34.975498,136.576988,330,839,242021760
134,四日市市,幸町,34.962470,136.625584,334,735,242020380
135,四日市市,栄町,34.964337,136.627052,125,265,242020360
136,四日市市,札場町,35.037671,136.576155,534,1285,242022330
137,四日市市,三郎町,34.974358,136.646732,0,0,242023410
138,四日市市,三栄町,34.963790,136.623309,260,506,242020370
140,四日市市,芝田一丁目,34.969106,136.608348,663,1221,24202062001
141,四日市市,芝田二丁目,34.971307,136.607682,165,295,24202062002
142,四日市市,清水町,34.981150,136.615259,211,454,242023270
143,四日市市,下海老町,35.014680,136.573720,447,1202,242022100
144,四日市市,下さざらい町,35.019619,136.642915,371,876,242022570
145,四日市市,下之宮町,35.016070,136.641678,848,1640,242022660
146,四日市市,十七軒町,34.959081,136.622874,158,311,242020420
147,四日市市,十志町,35.012555,136.643137,301,597,242022670
148,四日市市,昌栄町,34.957799,136.627661,149,277,242020410
150,四日市市,白須賀一丁目,34.989954,136.643454,251,461,24202307001
151,四日市市,白須賀二丁目,34.992306,136.645409,150,231,24202307002
152,四日市市,白須賀三丁目,34.994500,136.646691,38,64,24202307003
153,四日市市,城北町,34.965315,136.610527,221,438,242020640
154,四日市市,城西町,34.964923,136.603474,748,1483,242020630
155,四日市市,城東町,34.963491,136.609376,399,894,242020650
156,四日市市,城山町,34.986138,136.632211,230,569,242023120
157,四日市市,新正一丁目,34.959020,136.616458,338,601,24202050001
158,四日市市,新正二丁目,34.957998,136.619464,199,344,24202050002
159,四日市市,新正三丁目,34.955588,136.621661,196,339,24202050003
160,四日市市,新正四丁目,34.954770,136.616560,143,220,24202050004
161,四日市市,新正五丁目,34.956498,136.613819,94,158,24202050005
162,四日市市,新々町,34.966765,136.629800,58,131,242020150
163,四日市市,新町,34.966228,136.630958,135,281,242020160
164,四日市市,新浜町,34.972420,136.634226,261,548,242023400
165,四日市市,末広町,34.953760,136.631045,25,48,242020470
166,四日市市,菅原町,34.994062,136.554766,81,213,242021790
167,四日市市,住吉町,35.009835,136.665004,154,353,242022710
168,四日市市,諏訪栄町,34.967246,136.620976,396,656,242020300
169,四日市市,諏訪町,34.966026,136.624226,478,1010,242020080
170,四日市市,曽井町,34.979724,136.569399,0,0,242021820
171,四日市市,大協町一丁目,34.961597,136.642584,0,0,24202021001
172,四日市市,大協町二丁目,34.968837,136.643927,0,0,24202021002
173,四日市市,平町,35.013634,136.656844,444,1064,242022720
175,四日市市,高砂町,34.961844,136.636690,78,202,242020260
181,四日市市,高浜新町,34.976810,136.641030,94,130,242023370
182,四日市市,高浜町,34.977796,136.637588,77,146,242023360
183,四日市市,高見台一丁目,35.061149,136.561971,312,791,24202227001
184,四日市市,高見台二丁目,35.062990,136.560787,258,468,24202227002
186,四日市市,垂坂新町,35.003200,136.609459,189,488,242023500
187,四日市市,垂坂町,35.008405,136.614794,673,1652,242022500
188,四日市市,千歳町,34.954074,136.637768,5,12,242020280
189,四日市市,中部,34.968989,136.625656,365,799,242020050
190,四日市市,千代田町,35.032004,136.620810,176,402,242022420
193,四日市市,東新町,34.974874,136.635804,367,754,242023390
195,四日市市,ときわ一丁目,34.966984,136.598241,256,492,24202060001
196,四日市市,ときわ二丁目,34.968033,136.595359,204,494,24202060002
197,四日市市,ときわ三丁目,34.964313,136.593744,346,831,24202060003
198,四日市市,ときわ四丁目,34.963333,136.596378,624,1254,24202060004
199,四日市市,ときわ五丁目,34.962241,136.599494,661,1432,24202060005
203,四日市市,富州原町,35.009285,136.658946,253,562,242022740
204,四日市市,富田一丁目,35.004456,136.651201,298,663,24202279001
205,四日市市,富田二丁目,35.005353,136.655220,291,679,24202279002
206,四日市市,富田三丁目,35.007988,136.652005,486,1099,24202279003
207,四日市市,富田四丁目,35.008348,136.648798,262,695,24202279004
208,四日市市,富田一色町,35.006638,136.662222,686,1509,242022750
209,四日市市,富田栄町,35.009868,136.646642,263,630,242022800
210,四日市市,富田浜町,34.996609,136.651617,286,601,242022850
211,四日市市,富田浜元町,35.000043,136.653516,138,313,242022840
212,四日市市,中川原一丁目,34.967106,136.604835,543,1127,24202059001
213,四日市市,中川原二丁目,34.969789,136.603497,338,588,24202059002
214,四日市市,中川原三丁目,34.970379,136.600484,386,671,24202059003
215,四日市市,中川原四丁目,34.970899,136.597484,15,15,24202059004
217,四日市市,中納屋町,34.964054,136.634996,82,166,242020220
219,四日市市,中浜田町,34.962012,136.618576,219,375,242020340
220,四日市市,中町,34.969209,136.629670,165,383,242020130
221,四日市市,中村町,35.026336,136.609019,340,628,242022450
223,四日市市,西伊倉町,34.975225,136.601195,386,733,242020580
224,四日市市,西浦一丁目,34.970128,136.617310,477,713,24202002001
225,四日市市,西浦二丁目,34.973176,136.618412,381,730,24202002002
226,四日市市,西大鐘町,35.042661,136.600596,102,393,242022290
227,四日市市,西新地,34.969657,136.621338,287,439,242020070
228,四日市市,西末広町,34.959803,136.630883,68,84,242020400
229,四日市市,西富田二丁目,35.014043,136.651547,188,326,24202268002
230,四日市市,西富田三丁目,35.017184,136.646568,158,341,24202268003
231,四日市市,西富田町,35.013436,136.647533,1056,2314,242022690
232,四日市市,西浜田町,34.962579,136.613608,361,569,242020480
234,四日市市,西町,34.972254,136.622747,234,518,242020030
235,四日市市,西松本町,34.969515,136.584450,545,1266,242020520
236,四日市市,西村町西村,35.062646,136.546749,96,284,242022160
238,四日市市,野田一丁目,34.978824,136.612053,274,565,24202328001
239,四日市市,野田二丁目,34.980158,136.607139,129,342,24202328002
241,四日市市,八幡町,34.971269,136.629923,139,297,242020090
242,四日市市,八田一丁目,34.992065,136.639051,369,844,24202306001
243,四日市市,八田二丁目,34.993951,136.640712,313,704,24202306002
244,四日市市,八田三丁目,34.996560,136.642703,86,137,24202306003
245,四日市市,羽津町,34.989281,136.635965,391,891,242023090
246,四日市市,羽津中一丁目,34.992132,136.633734,256,635,24202299001
247,四日市市,羽津中二丁目,34.994076,136.635228,272,526,24202299002
248,四日市市,羽津中三丁目,34.995924,136.636913,99,233,24202299003
249,四日市市,羽津山町,34.988583,136.627639,383,944,242023050
251,四日市市,浜一色町,34.978379,136.632043,328,739,242023320
252,四日市市,浜園町,34.995828,136.653542,0,0,242022860
253,四日市市,浜田町,34.964147,136.619885,304,446,242020310
254,四日市市,浜町,34.967585,136.635182,88,150,242020120
255,四日市市,万古町,34.982395,136.625154,461,931,242023140
256,四日市市,東ケ谷,35.001502,136.607135,10,16,242022020
257,四日市市,東垂坂町,35.005612,136.621695,360,962,242022520
258,四日市市,東富田町,35.002536,136.656530,634,1334,242022780
262,四日市市,東茂福町,34.997419,136.649179,157,336,242022830
263,四日市市,広永町,35.028857,136.641633,409,801,242022390
264,四日市市,富士町,34.984650,136.639704,523,845,242023100
265,四日市市,富双一丁目,35.000561,136.658094,0,0,24202277001
266,四日市市,富双二丁目,35.003574,136.662906,0,0,24202277002
267,四日市市,別名一丁目,34.994736,136.626903,371,792,24202298001
268,四日市市,別名二丁目,34.996213,136.624021,213,519,24202298002
269,四日市市,別名三丁目,34.998938,136.626523,320,704,24202298003
270,四日市市,別名四丁目,34.997106,136.629246,391,885,24202298004
271,四日市市,別名五丁目,34.996022,136.632467,395,834,24202298005
272,四日市市,別名六丁目,34.998444,136.633176,232,658,24202298006
273,四日市市,別山一丁目,34.971625,136.560308,176,585,24202346001
274,四日市市,別山二丁目,34.969571,136.561934,100,342,24202346002
275,四日市市,別山三丁目,34.968360,136.559250,186,598,24202346003
276,四日市市,別山四丁目,34.970446,136.558394,150,493,24202346004
277,四日市市,堀木一丁目,34.971667,136.614073,658,1102,24202001001
278,四日市市,堀木二丁目,34.974644,136.615478,386,848,24202001002
279,四日市市,本町,34.962720,136.629938,48,90,242020170
281,四日市市,蒔田一丁目,35.016058,136.650148,58,129,24202265001
282,四日市市,蒔田二丁目,35.016790,136.651917,402,884,24202265002
283,四日市市,蒔田三丁目,35.017871,136.653603,325,715,24202265003
284,四日市市,蒔田四丁目,35.018432,136.648234,97,241,24202265004
285,四日市市,まきの木台一丁目,35.037265,136.570254,175,518,24202348001
286,四日市市,まきの木台二丁目,35.039122,136.568585,208,493,24202348002
287,四日市市,まきの木台三丁目,35.038646,136.571408,125,312,24202348003
288,四日市市,松寺一丁目,35.020478,136.654253,363,736,24202264001
289,四日市市,松寺二丁目,35.023040,136.656191,528,1061,24202264002
290,四日市市,松寺三丁目,35.023235,136.652121,127,351,24202264003
291,四日市市,松原町,35.011132,136.654530,427,1005,242022730
292,四日市市,松本一丁目,34.965540,136.591705,330,711,24202054001
293,四日市市,松本二丁目,34.968524,136.592743,147,337,24202054002
294,四日市市,松本三丁目,34.970050,136.589505,268,610,24202054003
295,四日市市,松本四丁目,34.968223,136.587610,170,390,24202054004
296,四日市市,松本五丁目,34.966944,136.589675,53,141,24202054005
297,四日市市,松本六丁目,34.965126,136.588086,153,400,24202054006
301,四日市市,三滝台一丁目,34.976524,136.571448,162,398,24202177001
302,四日市市,三滝台二丁目,34.973403,136.572877,331,868,24202177002
303,四日市市,三滝台三丁目,34.974880,136.569703,154,363,24202177003
304,四日市市,三滝台四丁目,34.975286,136.566784,263,611,24202177004
306,四日市市,三ツ谷町,34.982224,136.629495,507,1037,242023150
307,四日市市,三ツ谷東町,34.980741,136.633418,235,560,242023160
308,四日市市,緑丘町,34.994458,136.622092,174,610,242023010
309,四日市市,南いかるが町,35.001318,136.629344,300,743,242022970
310,四日市市,南起町,34.954887,136.627076,6,9,242020440
312,四日市市,南垂坂町,35.004359,136.611648,209,407,242022490
313,四日市市,南富田町,35.002626,136.649904,391,919,242022810
314,四日市市,南納屋町,34.962202,136.633374,157,318,242020250
315,四日市市,南浜田町,34.960924,136.616185,290,605,242020490
316,四日市市,南松本町,34.966809,136.580022,148,387,242020550
323,四日市市,みゆきケ丘一丁目,34.994186,136.617013,109,254,24202321001
324,四日市市,みゆきケ丘二丁目,34.997423,136.617100,313,712,24202321002
326,四日市市,茂福町,35.000029,136.646549,809,1720,242022820
327,四日市市,元新町,34.967712,136.628315,110,213,242020140
328,四日市市,元町,34.971000,136.622005,282,485,242020060
330,四日市市,安島一丁目,34.967862,136.616596,182,306,24202029001
331,四日市市,安島二丁目,34.969566,136.612819,580,876,24202029002
332,四日市市,八千代台一丁目,35.029457,136.585798,211,526,24202235001
333,四日市市,八千代台二丁目,35.028389,136.582693,231,520,24202235002
334,四日市市,八千代台三丁目,35.030577,136.581126,116,293,24202235003
336,四日市市,山分町,35.026890,136.631885,476,1041,242022400
337,四日市市,山手町,34.992534,136.624260,233,512,242023020
338,四日市市,山之一色町,35.014612,136.599398,195,554,242021870
339,四日市市,山村町,35.038196,136.636631,98,282,242022370
342,四日市市,陶栄町,34.978809,136.625862,216,497,242023310
343,四日市市,本郷町,34.978822,136.621400,343,749,242023290
344,四日市市,滝川町,34.975209,136.623802,333,634,242023350
345,四日市市,末永町,34.976656,136.618795,208,473,242023300
347,桑名市,伊賀町,35.059737,136.699199,114,277,242050290
348,桑名市,一色町,35.059412,136.689890,176,386,242050370
349,桑名市,益生町,35.058165,136.680138,62,110,242050580
350,桑名市,駅元町,35.068423,136.685355,137,316,242050820
351,桑名市,霞町一丁目,35.064186,136.671486,65,148,24205100001
352,桑名市,霞町二丁目,35.063601,136.670789,55,121,24205100002
353,桑名市,外堀,35.060141,136.694374,165,391,242050330
354,桑名市,掛樋,35.057895,136.688175,26,73,242050600
355,桑名市,萱町,35.058091,136.691621,66,166,242050340
356,桑名市,吉津屋町,35.062812,136.692328,41,113,242050230
357,桑名市,吉之丸,35.063892,136.700542,160,390,242050010
358,桑名市,宮町,35.067833,136.695288,15,42,242050100
359,桑名市,宮通,35.064281,136.695212,26,65,242050210
360,桑名市,京橋町,35.063488,136.691919,18,85,242050750
361,桑名市,京町,35.063369,136.694210,38,91,242050220
362,桑名市,桑栄町,35.066351,136.684438,81,170,242050800
363,桑名市,元赤須賀,35.061117,136.700012,167,367,242050280
364,桑名市,江戸町,35.066097,136.696250,12,26,242050040
365,桑名市,高塚町一丁目,35.070044,136.673046,78,180,24205088001
366,桑名市,高塚町二丁目,35.072360,136.673388,29,76,24205088002
367,桑名市,高塚町三丁目,35.070690,136.671684,78,163,24205088003
368,桑名市,高塚町四丁目,35.072269,136.671618,99,227,24205088004
369,桑名市,高塚町五丁目,35.070863,136.670279,92,203,24205088005
370,桑名市,高塚町六丁目,35.071508,136.668944,67,139,24205088006
371,桑名市,今中町,35.068025,136.690688,43,109,242050480
372,桑名市,今片町,35.067448,136.691420,16,51,242050460
373,桑名市,今北町,35.068549,136.691321,86,145,242050490
374,桑名市,紺屋町,35.062391,136.692923,40,87,242050260
375,桑名市,桜通,35.065024,136.674095,97,190,242050980
376,桑名市,三ツ矢橋,35.058228,136.682896,119,246,242050610
377,桑名市,三栄町,35.065668,136.690307,53,132,242050760
378,桑名市,三崎通,35.066772,136.693806,51,90,242050140
379,桑名市,三之丸,35.066675,136.700139,109,278,242050020
380,桑名市,参宮通,35.068968,136.687836,179,369,242050830
381,桑名市,汐見町一丁目,35.067094,136.672064,47,104,24205104001
382,桑名市,汐見町二丁目,35.067651,136.671740,41,118,24205104002
383,桑名市,汐見町三丁目,35.067450,136.669932,13,48,24205104003
384,桑名市,寿町一丁目,35.066397,136.686832,54,114,24205078001
385,桑名市,寿町二丁目,35.065470,136.685873,6,9,24205078002
386,桑名市,寿町三丁目,35.065503,136.688195,45,107,24205078003
387,桑名市,住吉町,35.070275,136.696583,0,0,242050520
388,桑名市,春日町,35.067975,136.694564,27,55,242050090
391,桑名市,松ノ木一丁目,35.077291,136.647032,221,532,24205157001
392,桑名市,松ノ木二丁目,35.076340,136.643728,279,699,24205157002
393,桑名市,松ノ木三丁目,35.077422,136.640758,93,227,24205157003
394,桑名市,松ノ木四丁目,35.077273,136.637594,160,375,24205157004
395,桑名市,松ノ木五丁目,35.075195,136.639207,107,267,24205157005
396,桑名市,松ノ木六丁目,35.075410,136.641312,151,387,24205157006
397,桑名市,松ノ木七丁目,35.073035,136.643542,282,753,24205157007
398,桑名市,松ノ木八丁目,35.075306,136.646137,131,356,24205157008
399,桑名市,松並町一丁目,35.066035,136.675234,104,265,24205102001
400,桑名市,松並町二丁目,35.065794,136.672923,47,121,24205102002
401,桑名市,城山台,35.051421,136.656742,77,283,242052200
402,桑名市,常盤町,35.064599,136.690496,78,193,242050740
403,桑名市,職人町,35.064454,136.694652,26,66,242050200
404,桑名市,新屋敷,35.056976,136.692703,267,530,242050310
405,桑名市,新西方一丁目,35.072337,136.662949,42,96,24205105001
406,桑名市,新西方二丁目,35.073593,136.659713,294,660,24205105002
407,桑名市,新西方三丁目,35.074527,136.656418,270,659,24205105003
408,桑名市,新西方四丁目,35.070829,136.656241,230,588,24205105004
409,桑名市,新西方五丁目,35.070288,136.658651,403,928,24205105005
410,桑名市,新西方六丁目,35.069037,136.660446,216,696,24205105006
411,桑名市,新西方七丁目,35.067351,136.660209,25,78,24205105007
413,桑名市,新倉持,35.060213,136.664239,61,180,242051151
414,桑名市,新地,35.056759,136.679606,135,337,242050430
415,桑名市,新築町,35.063337,136.690525,76,147,242050730
416,桑名市,新町,35.059347,136.691222,59,142,242050360
417,桑名市,新矢田一丁目,35.059726,136.681977,103,233,24205065001
418,桑名市,新矢田二丁目,35.060901,136.683326,118,309,24205065002
419,桑名市,神楽町一丁目,35.063041,136.670427,99,244,24205101001
420,桑名市,神楽町二丁目,35.062161,136.670430,76,165,24205101002
421,桑名市,神成町一丁目,35.073679,136.675808,25,42,24205085101
422,桑名市,神成町二丁目,35.075108,136.676003,101,115,24205085102
423,桑名市,星見ヶ丘一丁目,35.075859,136.635208,226,573,24205127001
424,桑名市,星見ヶ丘二丁目,35.075513,136.632907,265,727,24205127002
425,桑名市,星見ヶ丘三丁目,35.075404,136.630595,378,837,24205127003
426,桑名市,星見ヶ丘四丁目,35.072034,136.629323,191,483,24205127004
427,桑名市,星見ヶ丘五丁目,35.069674,136.630641,318,837,24205127005
428,桑名市,星見ヶ丘六丁目,35.066983,136.633643,149,358,24205127006
429,桑名市,星見ヶ丘七丁目,35.068783,136.634946,307,715,24205127007
430,桑名市,星見ヶ丘八丁目,35.071101,136.634458,210,610,24205127008
431,桑名市,星見ヶ丘九丁目,35.073093,136.634156,270,707,24205127009
432,桑名市,清水町,35.067809,136.692917,29,76,242050070
433,桑名市,清竹の丘,35.073827,136.669372,18,64,242052190
434,桑名市,西正和台一丁目,35.051402,136.631866,69,187,24205140001
435,桑名市,西正和台二丁目,35.050294,136.631681,79,205,24205140002
436,桑名市,西正和台三丁目,35.049677,136.630766,94,204,24205140003
437,桑名市,西正和台四丁目,35.048728,136.631047,90,204,24205140004
438,桑名市,西正和台五丁目,35.047901,136.632075,73,194,24205140005
439,桑名市,西鍋屋町,35.056665,136.687022,65,159,242050400
440,桑名市,西矢田町,35.057347,136.682991,40,103,242050540
441,桑名市,青葉町一丁目,35.067928,136.672499,39,88,24205103001
442,桑名市,青葉町二丁目,35.068445,136.672716,47,109,24205103002
443,桑名市,赤尾台一丁目,35.051222,136.624533,130,352,24205141001
444,桑名市,赤尾台二丁目,35.049948,136.623047,99,287,24205141002
445,桑名市,赤尾台三丁目,35.048770,136.624443,129,309,24205141003
446,桑名市,赤尾台四丁目,35.047622,136.621921,137,325,24205141004
447,桑名市,赤尾台五丁目,35.047066,136.623555,143,373,24205141005
448,桑名市,赤尾台六丁目,35.047073,136.626477,102,316,24205141006
449,桑名市,赤尾台七丁目,35.048621,136.626849,95,321,24205141007
450,桑名市,赤尾台八丁目,35.049929,136.627206,142,387,24205141008
451,桑名市,赤尾台九丁目,35.051227,136.626699,110,260,24205141009
452,桑名市,千代田町,35.059075,136.683890,48,109,242050380
453,桑名市,川口町,35.067351,136.696418,34,55,242050050
454,桑名市,川崎町,35.099533,136.665837,23,58,242051283
455,桑名市,船馬町,35.069233,136.697199,34,86,242050060
456,桑名市,相生町,35.066675,136.692488,8,18,242050150
457,桑名市,相川町,35.057742,136.686046,46,111,242050590
458,桑名市,多度町下野代,35.117618,136.649088,203,525,242051670
459,桑名市,多度町古野,35.144636,136.597431,174,470,242051750
460,桑名市,多度町戸津,35.132677,136.645032,250,640,242051640
461,桑名市,多度町御衣野,35.108069,136.634135,158,469,242051740
462,桑名市,多度町肱江,35.125435,136.647340,63,179,242051620
463,桑名市,多度町香取,35.135404,136.650683,678,1407,242051770
464,桑名市,多度町小山,35.127146,136.636282,829,2573,242051630
465,桑名市,多度町上之郷,35.137586,136.661571,47,153,242051800
466,桑名市,多度町多度,35.144205,136.614973,232,632,24205166000
468,桑名市,多度町多度二丁目,35.130375,136.630545,156,457,24205166002
469,桑名市,多度町大鳥居,35.120435,136.660404,93,251,242051700
470,桑名市,多度町中須,35.128830,136.657580,46,151,242051680
471,桑名市,多度町猪飼,35.118304,136.618080,73,222,242051720
473,桑名市,多度町南之郷,35.127742,136.666156,45,167,242051690
474,桑名市,多度町美鹿,35.154023,136.583272,97,264,242051760
475,桑名市,多度町福永,35.146777,136.654684,95,343,242051780
476,桑名市,多度町平古,35.157773,136.650971,48,144,242051790
477,桑名市,多度町北猪飼,35.124240,136.614469,66,186,242051710
478,桑名市,多度町柚井,35.142522,136.634316,364,1173,242051650
479,桑名市,多度町力尾,35.106886,136.615547,87,259,242051730
480,桑名市,太一丸,35.069893,136.691950,112,264,242050500
481,桑名市,大央町,35.061462,136.689795,62,279,242050710
482,桑名市,大山田一丁目,35.078909,136.640423,24,50,24205158001
483,桑名市,大山田二丁目,35.081113,136.639997,93,227,24205158002
484,桑名市,大山田三丁目,35.083267,136.639042,106,252,24205158003
485,桑名市,大山田四丁目,35.084827,136.633800,207,459,24205158004
486,桑名市,大山田五丁目,35.083288,136.634073,167,416,24205158005
487,桑名市,大山田六丁目,35.081487,136.637133,190,469,24205158006
488,桑名市,大山田七丁目,35.080784,136.635340,131,317,24205158007
489,桑名市,大山田八丁目,35.078751,136.637238,360,774,24205158008
490,桑名市,大字安永,35.049202,136.679581,1078,2438,242051420
491,桑名市,大字下深谷部,35.095669,136.656602,458,1158,24205128401
492,桑名市,大字嘉例川,35.088016,136.623957,89,262,242051220
493,桑名市,大字蛎塚新田,35.086970,136.665397,106,286,242050930
494,桑名市,大字額田,35.065502,136.639774,591,1669,24205113001
495,桑名市,大字萱町,35.032355,136.694527,27,69,242051510
496,桑名市,大字桑部,35.048419,136.650283,414,1121,24205108001
497,桑名市,大字桑名,35.071530,136.693364,137,323,24205070001
498,桑名市,大字五反田,35.071993,136.613119,476,1298,242051210
499,桑名市,大字江場,35.052075,136.692017,773,1745,24205057001
500,桑名市,大字今島,35.111427,136.661389,89,276,242051300
501,桑名市,大字坂井,35.059334,136.631471,108,283,242051350
502,桑名市,大字志知,35.053525,136.609968,259,670,242051390
503,桑名市,大字小貝須,35.050035,136.699121,213,512,24205146001
504,桑名市,大字小泉,35.038249,136.686422,174,407,242051440
505,桑名市,大字上深谷部,35.105736,136.650310,132,352,24205129001
507,桑名市,大字上野,35.060013,136.670536,360,831,242050680
508,桑名市,大字森忠,35.071800,136.620733,616,1535,242051180
509,桑名市,大字星川,35.067719,136.628685,409,840,242051190
510,桑名市,大字西金井,35.049615,136.662349,45,176,242051090
511,桑名市,大字西汰上,35.084865,136.670875,87,213,242050910
512,桑名市,大字西別所,35.060966,136.661307,723,1709,24205115201
513,桑名市,大字西方,35.069082,136.667621,373,1132,242050860
514,桑名市,大字赤須賀,35.058665,136.704802,231,490,24205056001
515,桑名市,大字赤尾,35.052888,136.629027,156,385,242051360
516,桑名市,大字増田,35.056587,136.646605,111,255,242051140
517,桑名市,大字太夫,35.064549,136.666633,100,272,242050890
518,桑名市,大字太平町,35.032270,136.706611,24,73,242051530
519,桑名市,大字大貝須,35.039479,136.695167,119,313,242051450
520,桑名市,大字大仲新田,35.080176,136.608981,481,1071,242051200
521,桑名市,大字大福,35.053961,136.685006,0,0,24205062001
522,桑名市,大字地蔵,35.052837,136.706655,192,484,242051490
523,桑名市,大字島田,35.053424,136.620016,184,477,24205138001
524,桑名市,大字東金井,35.050580,136.670107,178,508,242051100
525,桑名市,大字東汰上,35.086473,136.675947,272,632,242050920
526,桑名市,大字東方,35.063219,136.675905,135,368,24205085301
527,桑名市,大字東野,35.057493,136.697357,283,525,242051500
528,桑名市,大字能部,35.051251,136.636318,242,593,242051070
529,桑名市,大字播磨,35.077260,136.669124,428,905,24205090001
531,桑名市,大字尾野山,35.065569,136.678935,56,144,242050960
532,桑名市,大字稗田,35.055940,136.657668,142,367,242051160
533,桑名市,大字福岡町,35.026126,136.703593,33,102,242051540
534,桑名市,大字福江,35.034256,136.692654,49,113,242051480
535,桑名市,大字福地,35.032066,136.697762,105,287,242051470
536,桑名市,大字福島,35.076816,136.690553,823,1857,242050940
538,桑名市,大字北別所,35.072130,136.674420,533,1244,24205087001
539,桑名市,大字本願寺,35.054736,136.689404,0,0,242050630
540,桑名市,大字矢田,35.058428,136.676461,903,2072,242050640
541,桑名市,大字友村,35.059037,136.624214,208,498,242051370
542,桑名市,大字立田町,35.041728,136.705151,108,278,242051520
543,桑名市,大字蓮花寺,35.066194,136.650178,830,1750,24205112001
544,桑名市,大字和泉,35.042890,136.684959,970,2163,242051430
546,桑名市,中央町一丁目,35.064145,136.685561,125,237,24205072001
547,桑名市,中央町二丁目,35.062629,136.683735,125,254,24205072002
548,桑名市,中央町三丁目,35.062770,136.688025,44,56,24205072003
549,桑名市,中央町四丁目,35.061974,136.686529,13,28,24205072004
550,桑名市,中央町五丁目,35.060524,136.686541,282,610,24205072005
551,桑名市,中山町,35.068100,136.624393,103,253,242051250
552,桑名市,長島町浦安,35.029591,136.729978,184,187,242052170
553,桑名市,長島町押付,35.102665,136.705805,620,1483,242051890
554,桑名市,長島町横満蔵,35.052734,136.728287,152,440,242052150
555,桑名市,長島町下坂手,35.112385,136.674795,60,188,242052030
556,桑名市,長島町鎌ケ地,35.081449,136.713852,35,109,242052090
557,桑名市,長島町間々,35.107084,136.694151,42,128,242051930
558,桑名市,長島町駒江,35.078236,136.702774,42,112,242052000
559,桑名市,長島町源部外面,35.087105,136.708313,54,147,242051860
560,桑名市,長島町高座,35.107772,136.687598,35,106,242051940
561,桑名市,長島町十日外面,35.084234,136.697224,41,124,242051980
562,桑名市,長島町出口,35.102190,136.697395,518,1228,242051920
563,桑名市,長島町小島,35.112282,136.701413,126,377,242051900
564,桑名市,長島町松ケ島,35.086708,136.702070,659,1672,242052010
565,桑名市,長島町松蔭,35.037121,136.726151,131,482,242052160
566,桑名市,長島町松之木,35.128450,136.675950,27,80,242052060
567,桑名市,長島町上坂手,35.118719,136.675713,11,45,242052040
568,桑名市,長島町新所,35.124547,136.685315,34,96,242052070
569,桑名市,長島町杉江,35.122533,136.677063,17,48,242052050
570,桑名市,長島町西外面,35.094681,136.692067,368,1103,242051970
572,桑名市,長島町西川,35.118782,136.689919,79,232,242052080
573,桑名市,長島町赤地,35.070197,136.712304,33,97,242052110
574,桑名市,長島町千倉,35.101940,136.677135,58,174,242052020
575,桑名市,長島町大倉,35.106301,136.701311,415,1046,242051910
576,桑名市,長島町大島,35.073361,136.703626,71,190,242051990
577,桑名市,長島町中川,35.113379,136.691638,40,124,242051950
578,桑名市,長島町長島下町,35.092488,136.699974,54,135,242051840
579,桑名市,長島町長島萱町,35.095457,136.701135,43,105,242051820
580,桑名市,長島町長島中町,35.094241,136.699965,66,193,242051830
581,桑名市,長島町殿名,35.092931,136.708466,50,140,242051870
582,桑名市,長島町東殿名,35.094547,136.713064,90,251,242051880
583,桑名市,長島町白鶏,35.044656,136.718291,82,230,242052140
584,桑名市,長島町福吉,35.056353,136.717096,528,1618,242052130
585,桑名市,長島町福豊,35.064510,136.716996,151,286,242052120
586,桑名市,長島町平方,35.102086,136.688649,79,238,242051960
588,桑名市,長島町又木,35.092615,136.703629,0,0,242051850
590,桑名市,長島町老松,35.039305,136.749125,0,0,242052180
591,桑名市,長島町葭ケ須,35.076273,136.715031,204,524,242052100
592,桑名市,堤原,35.067822,136.689310,61,152,242050470
593,桑名市,伝馬町,35.057091,136.689657,88,182,242050350
594,桑名市,殿町,35.066274,136.693143,15,31,242050160
595,桑名市,田町,35.065934,136.694115,12,26,242050170
596,桑名市,東正和台一丁目,35.050856,136.633715,57,139,24205111001
597,桑名市,東正和台二丁目,35.048697,136.633806,87,220,24205111002
598,桑名市,東正和台三丁目,35.047480,136.635154,148,317,24205111003
599,桑名市,東正和台四丁目,35.049071,136.635606,106,238,24205111004
600,桑名市,東正和台五丁目,35.050628,136.637677,65,137,24205111005
601,桑名市,東正和台六丁目,35.049497,136.637800,128,303,24205111006
602,桑名市,東正和台七丁目,35.048247,136.637754,74,170,24205111007
603,桑名市,東太一丸,35.072162,136.694298,25,58,242050510
604,桑名市,東鍋屋町,35.055583,136.688825,54,184,242050420
605,桑名市,東矢田町,35.057048,136.684938,57,143,242050530
606,桑名市,筒尾一丁目,35.078748,136.649007,152,370,24205156001
607,桑名市,筒尾二丁目,35.080102,136.649676,163,409,24205156002
608,桑名市,筒尾三丁目,35.081906,136.651822,216,540,24205156003
609,桑名市,筒尾四丁目,35.082827,136.648387,195,458,24205156004
610,桑名市,筒尾五丁目,35.083522,136.644250,214,479,24205156005
611,桑名市,筒尾六丁目,35.081943,136.645994,122,251,24205156006
612,桑名市,筒尾七丁目,35.082174,136.642886,117,289,24205156007
613,桑名市,筒尾八丁目,35.079997,136.643166,107,268,24205156008
614,桑名市,筒尾九丁目,35.079946,136.645994,124,302,24205156009
615,桑名市,藤が丘一丁目,35.077509,136.654685,67,186,24205160001
616,桑名市,藤が丘二丁目,35.079489,136.653278,150,405,24205160002
617,桑名市,藤が丘三丁目,35.077781,136.652310,138,354,24205160003
618,桑名市,藤が丘四丁目,35.076028,136.650939,109,301,24205160004
619,桑名市,藤が丘五丁目,35.073822,136.649914,154,391,24205160005
620,桑名市,藤が丘六丁目,35.074356,136.647878,72,190,24205160006
621,桑名市,藤が丘七丁目,35.072012,136.647478,212,503,24205160007
622,桑名市,藤が丘八丁目,35.072962,136.651322,95,293,24205160008
623,桑名市,藤が丘九丁目,35.075295,136.653889,82,220,24205160009
624,桑名市,内堀,35.061616,136.695619,166,435,242050270
626,桑名市,南魚町,35.064943,136.693622,48,105,242050180
627,桑名市,南寺町,35.064639,136.692381,33,66,242050440
628,桑名市,入江葭町,35.061219,136.692400,32,75,242050250
630,桑名市,梅園通,35.066600,136.673691,88,168,242050970
631,桑名市,八間通,35.066665,136.690291,39,78,242050770
632,桑名市,八幡町,35.059007,136.693747,63,147,242050320
633,桑名市,枇杷島台,35.099717,136.664545,41,97,242051282
634,桑名市,風呂町,35.066918,136.695034,8,18,242050110
635,桑名市,福江町,35.056512,136.681495,62,143,242050550
636,桑名市,福島新町,35.077506,136.682137,77,191,242050852
637,桑名市,片町,35.064457,136.695900,24,63,242050030
638,桑名市,宝殿町,35.067443,136.694361,38,94,242050080
639,桑名市,北魚町,35.066163,136.694972,17,45,242050130
640,桑名市,北寺町,35.066110,136.691771,27,63,242050450
641,桑名市,北川原台,35.099799,136.663193,8,15,242051281
642,桑名市,北鍋屋町,35.059365,136.688435,13,27,242050410
643,桑名市,本町,35.066504,136.695482,50,139,242050120
644,桑名市,末広町,35.067105,136.688197,189,415,242050790
645,桑名市,明正町,35.058612,136.675351,58,125,242050670
646,桑名市,野田一丁目,35.078420,136.633758,240,543,24205159001
647,桑名市,野田二丁目,35.079989,136.632827,157,356,24205159002
648,桑名市,野田三丁目,35.081679,136.631277,196,451,24205159003
649,桑名市,野田四丁目,35.083888,136.630272,136,295,24205159004
650,桑名市,野田五丁目,35.081360,136.628854,152,340,24205159005
651,桑名市,野田六丁目,35.078142,136.629811,206,439,24205159006
652,桑名市,矢田磧,35.058724,136.686363,144,370,242050390
653,桑名市,柳原,35.058562,136.695848,176,393,242050300
654,桑名市,油町,35.064472,136.694285,18,42,242050190
655,桑名市,有楽町,35.067623,136.685419,234,515,242050810
656,桑名市,陽だまりの丘一丁目,35.085896,136.648766,239,687,24205161001
657,桑名市,陽だまりの丘二丁目,35.086394,136.643516,488,1417,24205161002
658,桑名市,陽だまりの丘三丁目,35.090303,136.644513,236,822,24205161003
659,桑名市,陽だまりの丘四丁目,35.090068,136.640120,416,1405,24205161004
660,桑名市,陽だまりの丘五丁目,35.093487,136.636628,188,641,24205161005
661,桑名市,陽だまりの丘六丁目,35.091662,136.632350,207,627,24205161006
662,桑名市,陽だまりの丘七丁目,35.086961,136.638197,518,1469,24205161007
663,桑名市,陽だまりの丘八丁目,35.086006,136.635076,367,1211,24205161008
664,桑名市,里町,35.065229,136.623539,121,281,242051260
665,桑名市,立花町一丁目,35.064073,136.674051,57,134,24205099001
666,桑名市,立花町二丁目,35.063092,136.673862,51,141,24205099002
667,桑名市,蓮見町,35.070038,136.689524,186,504,242050840
668,桑名市,大字巖新田,35.063382,136.624179,0,0,242051230
670,いなべ市,石仏,35.110255,136.563473,449,972,242140080
671,いなべ市,市之原,35.144966,136.564203,127,331,242140020
673,いなべ市,大泉,35.093595,136.565923,112,303,242140140
674,いなべ市,大泉新田,35.105961,136.567846,323,866,242140120
675,いなべ市,岡丁田,35.104546,136.578635,58,155,242140150
676,いなべ市,笠田新田,35.122166,136.558291,333,909,242140030
677,いなべ市,上笠田,35.122133,136.547584,329,1002,242140010
678,いなべ市,北金井,35.100658,136.556030,211,622,242140090
679,いなべ市,暮明,35.116196,136.583463,53,129,242140160
680,いなべ市,下笠田,35.111983,136.550385,210,582,242140040
681,いなべ市,楚原,35.119716,136.564037,472,890,242140050
682,いなべ市,西方,35.095307,136.562381,50,150,242140130
683,いなべ市,畑新田,35.115781,136.571437,198,623,242140100
685,いなべ市,東一色,35.091213,136.569486,179,545,242140170
686,いなべ市,平古,35.129834,136.573845,540,640,242140110
688,いなべ市,松之木,35.104408,136.574655,114,375,242140180
689,いなべ市,御薗,35.108158,136.553217,92,218,242140060
762,桑名郡木曽岬町,大字和泉,35.081034,136.741459,68,233,243030070
763,桑名郡木曽岬町,大字近江島,35.078612,136.724294,25,102,243030040
765,桑名郡木曽岬町,大字加路戸,35.093221,136.722249,139,397,243030010
767,桑名郡木曽岬町,大字見入,35.090078,136.732924,220,622,243030020
769,桑名郡木曽岬町,大字源緑輪中,35.056040,136.740802,129,456,243030160
770,桑名郡木曽岬町,大字小和泉,35.075854,136.737903,29,115,243030080
771,桑名郡木曽岬町,大字小林,35.079697,136.733506,64,183,243030060
772,桑名郡木曽岬町,大字栄,35.070299,136.740373,370,950,243030110
774,桑名郡木曽岬町,大字外平喜,35.086066,136.728532,28,90,243030030
775,桑名郡木曽岬町,大字田代,35.072492,136.728520,57,163,243030090
776,桑名郡木曽岬町,大字富田子,35.072741,136.749164,430,1151,243030130
777,桑名郡木曽岬町,大字中和泉,35.072768,136.744545,191,365,243030120
778,桑名郡木曽岬町,大字西対海地,35.078154,136.729862,46,145,243030050
779,桑名郡木曽岬町,大字白鷺,35.063249,136.738239,289,657,243030150
781,桑名郡木曽岬町,大字三崎,35.065441,136.742602,66,220,243030140
784,員弁郡東員町,大字穴太,35.086254,136.603892,448,1761,243240020
785,員弁郡東員町,大字大木,35.083737,136.576866,649,1696,243240080
786,員弁郡東員町,大字北大社,35.075740,136.577611,228,676,243240090
787,員弁郡東員町,大字瀬古泉,35.065386,136.599545,189,420,243240030
788,員弁郡東員町,大字筑紫,35.069265,136.607019,188,518,243240010
789,員弁郡東員町,大字鳥取,35.087940,136.586198,888,2223,243240060
790,員弁郡東員町,大字中上,35.055957,136.594194,352,940,243240120
791,員弁郡東員町,大字長深,35.059893,136.579120,393,1307,243240110
792,員弁郡東員町,大字八幡新田,35.103448,136.588777,287,836,243240070
793,員弁郡東員町,大字南大社,35.070972,136.569873,272,781,243240100
794,員弁郡東員町,大字山田,35.072747,136.589175,440,1225,243240040
795,員弁郡東員町,大字六把野新田,35.079876,136.596131,622,1514,243240050
796,員弁郡東員町,笹尾西一丁目,35.096587,136.592920,355,939,243240130
797,員弁郡東員町,笹尾西二丁目,35.100743,136.594123,409,1048,243240140
798,員弁郡東員町,笹尾西三丁目,35.103880,136.595660,250,687,243240150
799,員弁郡東員町,笹尾西四丁目,35.105877,136.599391,328,867,243240160
800,員弁郡東員町,笹尾東一丁目,35.093946,136.596481,452,1179,243240170
801,員弁郡東員町,笹尾東二丁目,35.097242,136.598759,351,900,243240180
802,員弁郡東員町,笹尾東三丁目,35.100387,136.599762,420,1104,243240190
803,員弁郡東員町,笹尾東四丁目,35.103041,136.600801,379,991,243240200
804,員弁郡東員町,城山一丁目,35.091513,136.602877,597,1525,243240210
805,員弁郡東員町,城山二丁目,35.097382,136.603128,476,1219,243240220
806,員弁郡東員町,城山三丁目,35.095382,136.605679,566,1428,243240230
807,三重郡菰野町,大字池底,35.034353,136.523946,177,558,243410320
808,三重郡菰野町,大字潤田,35.023812,136.511535,791,2081,243410500
809,三重郡菰野町,大字大強原,35.027083,136.531063,229,672,243410290
810,三重郡菰野町,大字小島,35.059965,136.516663,224,622,243410400
811,三重郡菰野町,大字音羽,35.026610,136.490934,146,410,243410490
812,三重郡菰野町,大字神森,35.004031,136.538357,193,473,243410280
813,三重郡菰野町,大字川北,35.030634,136.549169,275,847,243410310
814,三重郡菰野町,大字切畑,35.073697,136.477320,12,29,243410440
815,三重郡菰野町,大字菰野,35.010856,136.442263,89,133,243410010
816,三重郡菰野町,大字榊,35.055356,136.505571,196,492,243410390
817,三重郡菰野町,大字下村,35.020667,136.544930,310,855,243410300
818,三重郡菰野町,大字宿野,35.002597,136.523815,372,969,243410260
819,三重郡菰野町,大字杉谷,35.057217,136.492457,387,1048,243410380
820,三重郡菰野町,大字諏訪,35.033850,136.537597,168,467,243410340
821,三重郡菰野町,大字田口,35.083626,136.493904,272,721,243410430
822,三重郡菰野町,大字田口新田,35.083859,136.518493,551,1407,243410420
823,三重郡菰野町,大字竹成,35.046763,136.517405,1236,3062,243410350
824,三重郡菰野町,大字田光,35.070438,136.500860,521,1440,243410370
825,三重郡菰野町,大字千草,35.039593,136.451150,255,693,243410480
826,三重郡菰野町,大字永井,35.054462,136.530773,1005,2701,243410360
828,三重郡菰野町,大字福村,35.013440,136.521919,116,260,243410230
830,三重郡菰野町,大羽根園青葉町,35.016207,136.490537,247,585,243410050
831,三重郡菰野町,大羽根園呉竹町,35.015154,136.495863,98,256,243410040
832,三重郡菰野町,大羽根園柴垣町,35.017007,136.497832,427,1113,243410030
835,三重郡菰野町,大羽根園松ケ枝町,35.013935,136.491250,413,984,243410060
836,三重郡菰野町,初若の郷,35.011541,136.502573,27,84,243410570
837,三重郡菰野町,宝永台,35.013963,136.512544,59,146,243410560
838,三重郡朝日町,大字埋縄,35.036071,136.646425,323,829,243430040
839,三重郡朝日町,大字小向,35.034956,136.668384,587,1477,243430020
840,三重郡朝日町,大字柿,35.031855,136.657632,1091,2757,243430030
841,三重郡朝日町,大字縄生,35.040276,136.672953,1182,2722,243430010
842,三重郡朝日町,大字向陽台一丁目,35.039987,136.654661,101,361,24343005001
843,三重郡朝日町,大字向陽台二丁目,35.037180,136.654806,172,611,24343005002
844,三重郡朝日町,大字向陽台三丁目,35.035497,136.656600,67,215,24343005003
845,三重郡朝日町,大字白梅の丘西一丁目,35.041336,136.656943,109,371,24343006001
846,三重郡朝日町,大字白梅の丘西二丁目,35.040171,136.658827,124,427,24343006002
847,三重郡朝日町,大字白梅の丘東一丁目,35.040960,136.662476,208,712,24343007001
848,三重郡朝日町,大字白梅の丘東二丁目,35.038472,136.660138,148,539,24343007002
850,三重郡川越町,大字亀崎新田,35.016223,136.691819,374,854,243440040
851,三重郡川越町,大字亀須新田,35.029989,136.689375,230,440,243440030
852,三重郡川越町,大字北福崎,35.028879,136.678887,496,1145,243440020
853,三重郡川越町,大字高松,35.009940,136.676743,68,153,243440050
854,三重郡川越町,大字当新田,35.031659,136.683610,604,1424,243440010
855,三重郡川越町,大字豊田,35.022383,136.661723,1955,4218,243440080
856,三重郡川越町,大字豊田一色,35.024747,136.671299,598,1539,243440070
858,三重郡川越町,大字南福崎,35.020323,136.680529,990,2273,243440060
859,四日市市,北条町,34.970519,136.631879,113,224,242020100
867,四日市市,高角町,34.984208,136.560806,497,1274,242021840
868,四日市市,智積町,34.988257,136.544508,708,1885,242021630
869,四日市市,桜台一丁目,34.987007,136.534831,561,1454,24202166001
870,四日市市,桜台二丁目,34.981683,136.530970,971,2411,24202166002
871,四日市市,桜台三丁目,34.982716,136.537861,114,282,24202166003
872,四日市市,桜台本町,34.988952,136.538474,210,510,242021650
873,四日市市,桜新町一丁目,34.983993,136.525630,233,654,24202169001
874,四日市市,桜新町二丁目,34.982432,136.523647,254,683,24202169002
876,四日市市,桜花台一丁目,34.988483,136.528763,583,1501,24202168001
877,四日市市,桜花台二丁目,34.987621,136.525365,386,998,24202168002
878,四日市市,三重一丁目,34.992467,136.589175,158,379,24202194001
879,四日市市,三重二丁目,34.991978,136.585770,127,310,24202194002
880,四日市市,三重三丁目,34.990082,136.587757,123,301,24202194003
881,四日市市,三重四丁目,34.989811,136.590393,501,925,24202194004
882,四日市市,三重五丁目,34.986672,136.588420,151,352,24202194005
883,四日市市,三重六丁目,34.988551,136.586177,126,296,24202194006
884,四日市市,三重七丁目,34.986647,136.585195,114,282,24202194007
885,四日市市,三重八丁目,34.988275,136.583374,162,408,24202194008
886,四日市市,三重九丁目,34.990004,136.582468,88,160,24202194009
887,四日市市,南坂部町,34.991334,136.592776,137,329,242021930
888,四日市市,坂部が丘一丁目,35.001521,136.598974,155,371,24202190001
889,四日市市,坂部が丘二丁目,35.004412,136.598820,194,466,24202190002
890,四日市市,坂部が丘三丁目,35.002986,136.597410,187,346,24202190003
891,四日市市,坂部が丘四丁目,35.001704,136.596306,156,225,24202190004
892,四日市市,坂部が丘五丁目,35.003365,136.594863,343,515,24202190005
893,四日市市,坂部台一丁目,35.004605,136.606654,234,767,24202347001
894,四日市市,坂部台二丁目,35.004863,136.604401,136,429,24202347002
895,四日市市,東坂部町,34.996628,136.599851,893,2234,242022000
897,四日市市,平尾町,35.001341,136.551754,195,556,242022110
898,四日市市,平津新町,35.025031,136.623006,582,1424,242022440
899,四日市市,平津町,35.023646,136.618387,296,650,242022430
900,四日市市,山城町,35.029131,136.586073,1291,2661,242022310
902,四日市市,松本町,34.965122,136.584496,425,1438,242020530
903,四日市市,桜町西,34.988438,136.508809,226,646,242021610
904,四日市市,桜町北,34.996503,136.531172,475,1307,242021620
905,四日市市,桜町南,34.992621,136.535324,448,1178,242021640
906,四日市市,桜ケ丘,34.987054,136.530879,170,452,242021670
907,四日市市,川島町南部,34.972769,136.562669,0,0,242021700
908,四日市市,川島町南部,34.973355,136.545472,216,518,242021700
909,四日市市,川島町西部,34.977344,136.554840,675,1658,242021710
910,四日市市,川島町北部,34.977622,136.563773,571,1224,242021730
911,四日市市,川島町東部,34.968139,136.567816,395,1060,242021740
912,四日市市,寺方町一区,34.996076,136.565723,119,328,242021800
913,四日市市,寺方町二区,34.991288,136.567115,78,270,242021810
914,四日市市,曽井町,34.987019,136.575983,272,709,242021820
915,四日市市,尾平町美里ヶ丘,34.983941,136.589220,496,1243,242021850
916,四日市市,尾平町上名ヶ丘,34.981618,136.587409,132,334,242021860
917,四日市市,大沢台,35.019532,136.604596,174,414,242021880
918,四日市市,西坂部町山之平,35.008002,136.589467,190,662,242021890
919,四日市市,西坂部町川向,34.996218,136.585728,511,1408,242021910
920,四日市市,西坂部町御館,35.003438,136.578882,178,530,242021920
921,四日市市,生桑町美里が丘,34.986612,136.591252,229,505,242021950
922,四日市市,生桑町神田,34.978157,136.602078,51,110,242021960
923,四日市市,生桑台,34.988839,136.594481,455,1137,242021980
924,四日市市,生桑町大谷,34.990633,136.596508,84,322,242021990
925,四日市市,小杉,34.996112,136.613661,560,1337,242022040
926,四日市市,平尾町栄,35.004277,136.561274,192,584,242022090
927,四日市市,上海老町大沢,35.030648,136.564274,126,364,242022130
928,四日市市,小牧町西,35.053728,136.568185,185,457,242022180
929,四日市市,小牧町北,35.049694,136.576972,90,258,242022190
930,四日市市,小牧町南,35.040844,136.568985,224,503,242022200
931,四日市市,中野町一色,35.040584,136.560182,96,287,242022210
932,四日市市,中野町中瀬古,35.047167,136.563933,141,382,242022220
933,四日市市,中野町山条,35.043453,136.550525,161,531,242022230
934,四日市市,中野町高原,35.039862,136.540609,15,51,242022240
935,四日市市,西村町新田,35.050849,136.553241,105,303,242022250
936,四日市市,西村町上条,35.049962,136.541768,136,374,242022260
937,四日市市,北永台,35.032675,136.640964,273,729,242022380
938,四日市市,西垂坂町,35.000156,136.610493,86,195,242022510
939,四日市市,大矢知町西陣屋,35.021758,136.629655,142,352,242022530
940,四日市市,大矢知町東陣屋,35.022229,136.635089,59,132,242022540
941,四日市市,大矢知町出来山,35.023887,136.637206,137,359,242022550
942,四日市市,大矢知町礫井,35.021528,136.639405,598,1537,242022560
943,四日市市,大矢知町古家,35.019244,136.634170,212,417,242022580
944,四日市市,大矢知町青木谷,35.016067,136.625412,112,268,242022590
945,四日市市,大矢知町斉宮,35.011751,136.631263,121,279,242022600
946,四日市市,大矢知町東谷,35.014534,136.635359,301,639,242022610
947,四日市市,丸の内町一区,35.008419,136.645672,49,117,242022880
948,四日市市,丸の内町二区,35.009804,136.644139,125,275,242022890
949,四日市市,丸の内町三区,35.011407,136.642263,198,380,242022900
950,四日市市,鵤町第三,35.012120,136.638240,101,217,242022910
951,四日市市,四五六町,35.012249,136.639187,84,153,242022920
952,四日市市,鵤町第二,35.009801,136.638248,198,551,242022930
953,四日市市,鵤町第一,35.007507,136.635260,105,241,242022940
954,四日市市,鵤町,35.004407,136.630783,494,1365,242022960
955,四日市市,別名町,34.999151,136.622429,250,742,242023000
956,四日市市,霞ケ浦町,34.984978,136.646415,174,312,242023080
957,四日市市,東阿倉川町一区,34.988950,136.623169,378,846,242023170
958,四日市市,東阿倉川町二区,34.983353,136.620317,425,997,242023180
959,四日市市,西阿倉川町五区,34.985395,136.617657,259,588,242023190
960,四日市市,西阿倉川町一区,34.989055,136.621406,137,374,242023200
961,四日市市,西阿倉川町三区,34.992829,136.617186,388,1001,242023220
962,四日市市,西阿倉川町二区,34.987954,136.616524,343,777,242023230
963,四日市市,松カ丘,34.991350,136.620517,156,449,242023240
964,四日市市,西阿倉川町四区,34.989548,136.613811,362,958,242023250
965,四日市市,末永清水町,34.983619,136.611458,193,416,242023260
966,四日市市,鵤町第四,35.013473,136.639397,239,447,242023440
967,桑名市,鍛冶町,35.061228,136.691269,32,83,242050240
968,桑名市,大字赤須賀,35.061874,136.703980,121,243,24205056002
969,桑名市,大字江場,35.055722,136.695026,101,291,24205057002
970,桑名市,大字江場,35.055091,136.686474,229,538,24205057003
971,桑名市,大字江場,35.053849,136.678443,0,0,24205057004
972,桑名市,大字江場,35.054833,136.683041,324,670,24205057004
973,桑名市,大字江場,35.047503,136.687764,547,1100,24205057005
974,桑名市,大字大福,35.055180,136.683449,0,0,24205062001
975,桑名市,大字大福,35.054507,136.680659,129,314,24205062001
976,桑名市,大字大福,35.047215,136.689059,0,0,24205062002
977,桑名市,大字大福,35.051881,136.686036,365,779,24205062002
978,桑名市,大字本願寺,35.061407,136.676664,136,283,242050630
979,桑名市,大字矢田,35.060910,136.676395,0,0,242050640
980,桑名市,馬道,35.059222,136.680908,78,171,242050660
981,桑名市,大字桑名,35.066531,136.685699,0,0,24205070002
982,桑名市,大字桑名,35.069788,136.685513,346,796,24205070002
983,桑名市,大字桑名,35.064558,136.682136,40,99,24205070003
984,桑名市,大字東方,35.070648,136.687556,0,0,24205085302
985,桑名市,大字東方,35.078301,136.682239,0,0,24205085302
986,桑名市,大字東方,35.073270,136.684028,514,955,24205085302
987,桑名市,大字東方,35.070704,136.679701,1718,3684,24205085303
988,桑名市,大字東方,35.073981,136.671714,0,0,24205085303
989,桑名市,大字東方,35.075713,136.671579,228,378,24205085304
990,桑名市,大字西方,35.078560,136.660030,0,0,242050860
991,桑名市,大字北別所,35.081083,136.671007,76,173,24205087002
992,桑名市,大字播磨,35.086618,136.654073,0,0,24205090002
993,桑名市,大字播磨,35.079597,136.682356,294,644,24205090002
994,桑名市,大字上之輪,35.086651,136.685334,30,58,242050950
995,桑名市,大字桑部,35.049158,136.645629,0,0,24205108002
996,桑名市,大字桑部,35.052228,136.647707,324,774,24205108002
997,桑名市,大字蓮花寺,35.065596,136.648289,490,1175,24205112002
998,桑名市,大字額田,35.063511,136.638006,130,311,24205113002
999,桑名市,大字西別所,35.063484,136.658690,595,1405,24205115202
1000,桑名市,大字芳ヶ崎,35.070665,136.617206,537,1245,242051170
1001,桑名市,大字下深谷部,35.101575,136.667918,271,641,24205128402
1002,桑名市,大字下深谷部,35.095048,136.672049,131,297,24205128403
1003,桑名市,大字下深谷部,35.097905,136.666916,85,197,24205128404
1004,桑名市,大字下深谷部,35.095077,136.667911,198,494,24205128405
1005,桑名市,大字上深谷部,35.106881,136.661576,155,305,24205129002
1006,桑名市,大字島田,35.054526,136.623178,38,58,24205138002
1007,桑名市,大字小貝須字柳原,35.046597,136.693233,264,637,24205146002
1008,桑名市,多度町御衣野・下野代,35.108154,136.643168,0,0,242051810
1009,桑名市,長島町又木,35.096580,136.699881,290,778,242051850
1010,桑名市,長島町松ケ島,35.087450,136.712669,0,0,242052010
1011,いなべ市,御薗,35.107715,136.556364,79,201,242140070
1012,いなべ市,皷,35.171025,136.548109,40,100,242140190
1013,いなべ市,北中津原,35.172166,136.562465,55,173,242140200
1014,いなべ市,南中津原,35.167335,136.569169,80,230,242140210
1015,いなべ市,平野新田,35.159263,136.544625,101,213,242140220
1016,いなべ市,阿下喜,35.153231,136.523650,1122,3060,242140230
1017,いなべ市,飯倉,35.160477,136.521967,86,279,242140240
1018,いなべ市,瀬木,35.160724,136.509388,106,181,242140250
1019,いなべ市,大辻新田,35.150180,136.541560,305,565,242140260
1020,いなべ市,其原,35.141578,136.544602,908,2058,242140270
1021,いなべ市,麻生田,35.133094,136.535521,517,1388,242140280
1022,いなべ市,新町,35.137541,136.467817,120,336,242140290
1023,いなべ市,別名,35.137790,136.521158,137,395,242140300
1024,いなべ市,東村,35.134248,136.516087,231,644,242140310
1025,いなべ市,垣内,35.135238,136.505461,247,647,242140320
1026,いなべ市,中山,35.130325,136.518738,98,265,242140330
1027,いなべ市,麓村,35.129667,136.509166,122,327,242140340
1028,いなべ市,奥村,35.127999,136.499617,90,253,242140350
1029,いなべ市,川原,35.227060,136.516598,167,462,242140360
1030,いなべ市,千司久連新田,35.224439,136.530495,3,6,242140370
1031,いなべ市,二之瀬,35.212001,136.540033,57,156,242140380
1032,いなべ市,田辺,35.194950,136.520229,66,221,242140390
1033,いなべ市,塩崎,35.187412,136.524398,44,141,242140400
1034,いなべ市,小原一色,35.197255,136.554790,39,105,242140410
1035,いなべ市,東貝野,35.180726,136.554451,117,324,242140420
1036,いなべ市,西貝野,35.171512,136.529302,63,211,242140430
1037,いなべ市,畑毛,35.181438,136.526623,45,168,242140440
1038,いなべ市,向平,35.176297,136.514483,44,148,242140450
1039,いなべ市,下平,35.167544,136.519706,90,270,242140460
1040,いなべ市,梅戸,35.073506,136.556934,657,1650,242140470
1041,いなべ市,南金井,35.076981,136.542049,695,1427,242140480
1042,いなべ市,門前,35.084136,136.541375,364,747,242140490
1043,いなべ市,大井田,35.091940,136.539700,599,1251,242140500
1044,いなべ市,高柳,35.108960,136.543087,216,522,242140510
1045,いなべ市,平塚,35.103350,136.535636,392,1134,242140520
1046,いなべ市,石榑下,35.110068,136.530112,146,359,242140530
1047,いなべ市,石榑東,35.100244,136.532830,0,0,242140540
1048,いなべ市,石榑東,35.109098,136.517195,1603,4228,242140540
1049,いなべ市,石榑北山,35.120206,136.494097,59,172,242140550
1050,いなべ市,石榑北,35.112489,136.496677,91,284,242140560
1051,いなべ市,石榑南,35.106190,136.466820,352,1091,242140570
1052,いなべ市,宇賀,35.095176,136.490329,163,416,242140580
1053,いなべ市,宇賀新田,35.091970,136.513374,74,131,242140590
1054,いなべ市,鍋坂,35.096158,136.516711,81,252,242140600
1055,いなべ市,石榑東,35.100245,136.521513,162,290,242140610
1056,いなべ市,片樋,35.118051,136.534368,169,412,242140620
1057,いなべ市,丹生川久下,35.122379,136.525724,222,647,242140630
1058,いなべ市,丹生川中,35.121382,136.517317,188,551,242140640
1059,いなべ市,丹生川上,35.122539,136.505699,107,269,242140650
1060,いなべ市,大井田,35.087329,136.543648,584,584,242140660
1061,いなべ市,坂本,35.157605,136.479906,223,584,242140670
1062,いなべ市,石川,35.155390,136.499455,54,148,242140680
1063,いなべ市,下野尻,35.160411,136.500753,80,215,242140690
1064,いなべ市,西野尻,35.165338,136.490479,100,265,242140700
1065,いなべ市,大貝戸,35.172675,136.480865,210,554,242140710
1066,いなべ市,大貝戸,35.184783,136.441466,0,0,242140710
1067,いなべ市,坂本,35.179573,136.470510,137,357,242140720
1068,いなべ市,山口,35.192934,136.463336,161,500,242140730
1069,いなべ市,本郷,35.188746,136.477552,165,471,242140740
1070,いなべ市,市場,35.177281,136.491788,182,418,242140750
1071,いなべ市,市場及び志礼石新田,35.170365,136.495501,38,126,242140760
1072,いなべ市,本郷,35.211072,136.440648,145,367,242140770
1073,いなべ市,古田,35.227721,136.462591,78,168,242140780
1074,いなべ市,鼎,35.226564,136.491498,46,184,242140790
1075,いなべ市,篠立,35.216361,136.474996,57,222,242140800
1076,いなべ市,上相場,35.199719,136.493349,149,367,242140810
1077,いなべ市,長尾,35.186036,136.491273,36,102,242140820
1078,いなべ市,日内,35.182915,136.498763,55,156,242140830
1079,いなべ市,下相場,35.181577,136.505670,23,65,242140840
1080,いなべ市,川合,35.171017,136.502706,183,448,242140850
1081,桑名郡木曽岬町,大字雁ケ地,35.067932,136.730541,57,174,243030100
1082,桑名郡木曽岬町,木曽岬町新輸,35.034162,136.756015,0,0,243030170
1083,三重郡菰野町,大字菰野,35.013212,136.473050,110,253,243410020
1084,三重郡菰野町,大字菰野,35.001072,136.476124,59,160,243410080
1085,三重郡菰野町,大字菰野,35.009003,136.485780,128,371,243410090
1086,三重郡菰野町,大字菰野,35.001129,136.495511,46,139,243410100
1087,三重郡菰野町,大字菰野,35.009819,136.493288,54,136,243410110
1088,三重郡菰野町,大字菰野,35.007794,136.499500,48,139,243410120
1089,三重郡菰野町,大字菰野,35.011465,136.501649,1846,4412,243410130
1090,三重郡菰野町,大字菰野,35.010147,136.512426,91,254,243410140
1091,三重郡菰野町,大字菰野,35.004688,136.510241,86,217,243410150
1092,三重郡菰野町,大字菰野,35.010891,136.518810,318,670,243410160
1093,三重郡菰野町,大字菰野,35.010059,136.517498,43,107,243410170
1094,三重郡菰野町,大字菰野,35.011065,136.515036,72,210,243410180
1095,三重郡菰野町,大字菰野,35.011658,136.510291,79,211,243410190
1096,三重郡菰野町,大字菰野,35.012930,136.511469,87,248,243410200
1097,三重郡菰野町,大字菰野,35.012825,136.515388,49,113,243410210
1098,三重郡菰野町,大字菰野,35.015641,136.516288,152,396,243410220
1099,三重郡菰野町,大字菰野,35.015821,136.510262,315,745,243410240
1100,三重郡菰野町,大字菰野,35.017075,136.501265,619,1647,243410250
1101,三重郡菰野町,大字福村,35.010616,136.526804,413,923,243410270
1102,三重郡菰野町,大字吉沢,35.017062,136.527870,179,539,243410330
1103,三重郡菰野町,大字小島,35.069767,136.524413,542,1536,243410410
1104,三重郡菰野町,大字田口,35.070435,136.463043,205,464,243410450
1105,三重郡菰野町,大字杉谷,35.050210,136.498164,80,217,243410460
1106,三重郡菰野町,大字杉谷,35.048361,136.500838,115,309,243410470
1107,三重郡菰野町,大字潤田,35.018664,136.513643,181,450,243410510
1108,三重郡菰野町,大字千草,35.033460,136.510497,176,557,243410520
1109,三重郡菰野町,大字千草,35.034962,136.499776,97,278,243410530
1110,三重郡菰野町,大字千草,35.043143,136.494332,205,678,243410540
1111,三重郡菰野町,大字千草,35.018716,136.477477,181,587,243410550
1112,三重郡菰野町,大字菰野,35.009988,136.476044,1,96,243410600
1113,三重郡菰野町,大字宿野,35.003334,136.518237,8,289,243410610
1114,三重郡菰野町,大字杉谷,35.047852,136.500337,1,100,243410620
1115,三重郡川越町,大字高松,35.012517,136.682307,0,0,243440050
1116,三重郡川越町,大字高松,35.016958,136.670887,857,2144,243440090
1117,三重郡川越町,大字豊田,35.014036,136.661463,430,933,243440100
